type,       client, tx, amount
deposit,    1,      1,  1.000010001
deposit,    1,      2,  2.000020001
deposit,    1,      3,  3.000030001
